{"cameraMode":{"drawMode":0,"name":"Shaded","section":"Shading Mode"},"sceneLighting":false,"audioPlay":false,"sceneViewState":{"m_AlwaysRefresh":false,"showFog":true,"showSkybox":false,"showFlares":true,"showImageEffects":true,"showParticleSystems":true,"showVisualEffectGraphs":true,"m_FxEnabled":true},"in2DMode":false,"pivot":{"x":2.035618305206299,"y":1.4879260063171387,"z":40.14057922363281},"rotation":{"x":0.020837824791669847,"y":0.6900871396064758,"z":-0.01988731510937214,"w":0.7231665849685669},"size":1.1394658088684083,"orthographic":false}