{"cameraMode":{"drawMode":0,"name":"Shaded","section":"Shading Mode"},"sceneLighting":false,"audioPlay":false,"sceneViewState":{"m_AlwaysRefresh":false,"showFog":true,"showSkybox":false,"showFlares":true,"showImageEffects":true,"showParticleSystems":true,"showVisualEffectGraphs":true,"m_FxEnabled":true},"in2DMode":false,"pivot":{"x":0.03055107593536377,"y":0.2298598736524582,"z":0.07762709259986878},"rotation":{"x":0.2246086150407791,"y":-0.6671183705329895,"z":0.22202199697494508,"w":0.6747542023658752},"size":1.0453821420669556,"orthographic":false}