{"cameraMode":{"drawMode":0,"name":"Shaded","section":"Shading Mode"},"sceneLighting":false,"audioPlay":false,"sceneViewState":{"m_AlwaysRefresh":false,"showFog":true,"showSkybox":false,"showFlares":true,"showImageEffects":true,"showParticleSystems":true,"showVisualEffectGraphs":true,"m_FxEnabled":true},"in2DMode":false,"pivot":{"x":0.35135698318481448,"y":1.2363286018371583,"z":47.732913970947269},"rotation":{"x":0.21607241034507752,"y":-0.30832311511039736,"z":0.07213237881660462,"w":0.9236205220222473},"size":5.478404998779297,"orthographic":false}